,City,Cloudiness,Country,Date,Humidity,Latitude,Longitude,Max Temp,Wind Speed
0,Vila Franca do Campo,20,PT,1570170485,94,37.72,-25.43,293.71,5.7
1,Mataura,99,NZ,1570170486,55,-46.19,168.86,288.71,6.26
2,Buraydah,0,SA,1570170488,33,26.33,43.97,303.15,5.7
3,East London,75,ZA,1570170489,77,-33.02,27.91,291.15,2.6
4,Pingliang,99,CN,1570170490,74,35.54,106.68,284.839,2.9
5,Calabozo,70,VE,1570170491,92,8.92,-67.43,295.909,1.17
6,Lorengau,65,PG,1570170493,72,-2.02,147.27,301.619,2.68
7,Erdenet,0,MN,1570170494,55,49.03,104.04,277.309,2.65
8,Hilo,90,US,1570170495,78,19.71,-155.08,299.15,4.1
9,Kirkenes,20,NO,1570170497,86,69.73,30.05,274.15,4.6
10,Vaini,40,IN,1570170498,69,15.34,74.49,300.15,1.0
11,Hithadhoo,89,MV,1570170499,78,-0.6,73.08,300.919,5.5
12,Lavrentiya,100,RU,1570170500,96,65.58,-170.99,273.829,2.74
13,Zhanjiang,46,CN,1570170502,53,21.2,110.4,304.059,1.88
14,Jamestown,96,AU,1570170503,13,-33.21,138.6,305.559,8.97
15,Porto Novo,54,BR,1570170504,87,-23.68,-45.44,288.15,2.2
16,Aljezur,0,PT,1570170506,97,37.31,-8.8,291.48,0.89
17,Ushuaia,40,AR,1570170488,70,-54.81,-68.31,279.15,5.7
18,Leh,86,IN,1570170508,28,34.16,77.58,275.559,2.01
19,Pinerolo,0,IT,1570170510,66,44.89,7.33,283.15,2.1
20,Komsomolskiy,100,RU,1570170511,96,67.55,63.78,274.689,8.2
21,Tuktoyaktuk,90,CA,1570170512,89,69.44,-133.03,274.15,4.1
22,Dikson,100,RU,1570170514,91,73.51,80.55,270.819,11.86
23,Pevek,100,RU,1570170515,72,69.7,170.27,273.309,7.78
24,Rikitea,83,PF,1570170516,78,-23.12,-134.97,294.019,10.99
25,Busselton,87,AU,1570170517,60,-33.64,115.35,291.48,13.16
26,Narsaq,72,GL,1570170519,32,60.91,-46.05,284.15,6.2
27,Bredasdorp,97,ZA,1570170520,59,-34.53,20.04,290.93,1.5
28,Cape Town,40,ZA,1570170521,77,-33.93,18.42,290.37,8.2
29,Urzhum,100,RU,1570170523,80,57.11,50.0,286.019,5.41
30,Marshfield,90,US,1570170524,100,42.09,-70.71,285.93,2.6
31,Russell,90,US,1570170525,76,38.9,-98.86,286.48,4.6
32,Castro,90,CL,1570170527,86,-42.48,-73.76,278.15,0.96
33,Cabo San Lucas,40,MX,1570170308,83,22.89,-109.91,298.15,3.26
34,Shache,96,CN,1570170530,91,38.42,77.24,295.93,1.76
35,Upernavik,79,GL,1570170531,75,72.79,-56.15,276.089,4.6
36,Chuy,100,UY,1570170532,89,-33.69,-53.46,286.299,8.81
37,Bluff,0,AU,1570170534,19,-23.58,149.07,301.649,5.96
38,Kodiak,1,US,1570170535,87,39.95,-94.76,283.15,1.5
39,Sovetskiy,100,RU,1570170536,79,56.76,48.47,286.009,6.88
40,Freeport,0,BS,1570170537,75,26.54,-78.7,299.919,3.92
41,Punta Arenas,75,CL,1570170539,70,-53.16,-70.91,279.15,7.7
42,Thompson,5,CA,1570170540,80,55.74,-97.86,274.15,2.1
43,Labuhan,91,ID,1570170541,39,-2.54,115.51,305.979,3.33
44,Ulladulla,90,AU,1570170543,77,-35.36,150.48,290.37,5.1
45,Cidreira,100,BR,1570170544,95,-30.17,-50.22,291.199,5.26
46,Arraial do Cabo,1,BR,1570170545,91,-22.97,-42.02,293.529,5.68
47,Guerrero Negro,0,MX,1570170546,78,27.97,-114.04,292.859,6.11
48,Vardo,90,US,1570170548,88,39.62,-77.74,294.82,1.5
49,Victoria,75,BN,1570170549,70,5.28,115.24,304.15,2.6
50,Alugan,26,PH,1570170550,57,12.22,125.48,303.929,2.82
51,Hofn,100,IS,1570170552,99,64.25,-15.21,272.659,2.49
52,Clyde River,90,CA,1570170553,94,70.47,-68.59,273.15,2.6
53,Piopio,12,CL,1570170554,81,-42.79,-73.57,279.15,3.1
54,Yuncheng,100,CN,1570170556,89,35.03,111.0,291.149,5.97
55,Hasaki,40,JP,1570170557,65,35.73,140.83,302.04,5.7
56,Springbok,0,ZA,1570170558,69,-29.67,17.88,285.15,2.1
57,Ilulissat,100,GL,1570170560,36,69.22,-51.1,281.15,8.2
58,Carballo,75,ES,1570170561,93,43.21,-8.69,290.37,3.13
59,Brusturoasa,90,RO,1570170562,93,46.52,26.18,282.15,4.6
60,Karratha,0,AU,1570170564,17,-20.74,116.85,310.609,8.54
61,Barrow,100,AR,1570170565,63,-38.31,-60.23,278.359,4.06
62,Meulaboh,64,ID,1570170567,77,4.14,96.13,300.119,1.21
63,Tessalit,0,ML,1570170568,13,20.2,1.01,299.799,3.27
64,New Norfolk,40,AU,1570170569,53,-42.78,147.06,285.15,7.2
65,Griffith,33,AU,1570170571,25,-34.29,146.06,302.15,4.1
66,Faanui,22,PF,1570170572,80,-16.48,-151.75,298.969,7.59
67,Yashan,22,CN,1570170573,38,30.81,118.02,305.739,1.94
68,Srednekolymsk,100,RU,1570170575,87,67.46,153.71,268.989,7.18
69,Masumbwe,0,TZ,1570170576,49,-3.65,32.16,296.859,5.1
70,Iskateley,100,RU,1570170577,91,67.68,53.15,275.969,7.03
71,Saskylakh,0,RU,1570170578,77,71.97,114.09,265.809,0.64
72,Torbay,40,CA,1570170580,76,47.66,-52.73,278.15,6.7
73,Mount Gambier,90,AU,1570170581,87,-37.83,140.78,286.15,4.6
74,Shreveport,1,US,1570170583,83,32.52,-93.77,296.15,3.1
75,Puerto Ayora,100,EC,1570170584,97,-0.74,-90.35,291.48,1.34
76,Venado Tuerto,100,AR,1570170585,99,-33.75,-61.97,283.71,3.58
77,Yellowknife,20,CA,1570170586,93,62.45,-114.38,277.15,2.1
78,Albany,90,US,1570170588,87,42.65,-73.75,284.82,4.6
79,Barentu,30,ER,1570170589,48,15.11,37.59,300.699,1.4
80,Bubaque,100,GW,1570170590,80,11.28,-15.83,300.129,1.63
81,Atuona,22,PF,1570170591,78,-9.8,-139.03,299.809,7.79
82,Hermanus,100,ZA,1570170593,68,-34.42,19.24,290.93,4.02
83,Sokoni,0,CD,1570170594,61,-12.89,28.78,294.929,4.9
84,Bodaybo,100,RU,1570170595,83,57.85,114.2,275.839,5.03
85,Alice Springs,0,AU,1570170597,9,-23.7,133.88,307.15,7.7
86,Vorukh,2,KG,1570170598,37,39.85,70.57,289.899,3.35
87,Taldan,32,RU,1570170599,33,53.69,124.82,280.489,3.94
88,Kamenka,100,MD,1570170601,86,48.03,28.7,281.48,1.79
89,Barcelos,84,BR,1570170602,96,-0.97,-62.93,296.209,0.59
90,Saint George,75,GR,1570170603,72,39.45,22.34,292.15,3.1
91,Hobart,40,AU,1570170605,53,-42.88,147.33,285.15,7.2
92,Dalby,0,AU,1570170607,16,-27.18,151.26,302.15,2.1
93,Bam,0,IR,1570170608,24,29.11,58.36,295.099,3.02
94,Ponta do Sol,0,BR,1570170609,62,-20.63,-46.0,290.979,3.4
95,Bogoslovka,90,RU,1570170611,50,56.8,86.72,283.839,6.54
96,Poso,0,ID,1570170612,40,-1.4,120.75,298.679,2.5
97,Joshimath,14,IN,1570170613,48,30.57,79.57,289.769,3.02
98,Faya,0,SA,1570170615,23,18.39,42.45,298.15,3.6
99,Airai,10,TL,1570170617,42,-8.93,125.41,303.159,0.87
100,Port Alfred,30,ZA,1570170618,74,-33.59,26.89,291.48,1.79
101,Kavieng,77,PG,1570170620,69,-2.57,150.8,302.439,4.28
102,Itinga,45,BR,1570170621,84,-16.61,-41.77,292.249,2.13
103,Pisco,35,PE,1570170622,88,-13.71,-76.2,290.15,2.1
104,Kapaa,75,US,1570170624,78,22.08,-159.32,300.15,8.7
105,Luganville,75,VU,1570170625,78,-15.51,167.18,299.15,5.7
106,Iqaluit,20,CA,1570170626,79,63.75,-68.52,273.15,8.2
107,Tiksi,100,RU,1570170628,90,71.64,128.87,270.449,10.77
108,Veraval,90,FR,1570170629,93,49.65,0.71,286.48,4.6
109,Sept-Iles,75,CA,1570170608,83,50.2,-66.38,274.26,3.1
110,Khatanga,3,RU,1570170631,60,71.98,102.47,271.149,7.28
111,Flin Flon,28,CA,1570170633,88,54.77,-101.88,275.839,2.44
112,Atambua,0,ID,1570170634,72,-9.11,124.89,299.439,4.7
113,Hurricane,1,US,1570170421,18,37.18,-113.29,291.15,5.1
114,Jumla,0,NP,1570170637,43,29.28,82.18,292.109,2.56
115,Staraya Toropa,100,RU,1570170638,92,56.28,31.67,278.349,2.86
116,Tokur,35,RU,1570170639,38,53.13,132.9,279.609,2.63
117,Sola,0,TZ,1570170641,52,-3.17,33.8,295.819,5.54
118,Kahului,20,US,1570170642,78,20.89,-156.47,299.15,6.7
119,Batemans Bay,65,AU,1570170643,34,-35.71,150.18,295.93,1.79
120,Qaanaaq,75,GL,1570170645,61,77.48,-69.36,269.849,3.57
121,Ereymentau,48,KZ,1570170646,32,51.62,73.1,286.929,4.88
122,Saint-Georges,100,CA,1570170647,100,46.12,-70.67,277.59,2.37
123,Ilhabela,54,BR,1570170509,85,-23.78,-45.36,293.879,2.2
124,Fairbanks,90,US,1570170537,100,64.84,-147.72,276.48,2.1
125,Eureka,1,US,1570170499,93,40.8,-124.16,283.15,0.2
126,Hatillo,97,PR,1570170451,91,18.49,-66.83,299.26,1.06
127,Jacksonville,1,US,1570170468,93,30.33,-81.66,296.15,0.69
128,Georgetown,0,GY,1570170554,100,6.8,-58.16,297.15,1.0
129,Mindif,85,CM,1570170656,78,10.4,14.44,296.599,1.38
130,Butaritari,100,KI,1570170657,70,3.07,172.79,301.489,4.34
131,Kuytun,0,RU,1570170658,41,54.34,101.51,283.619,2.55
132,Acapulco,40,MX,1570170660,88,16.86,-99.88,299.15,1.5
133,Avarua,64,CK,1570170661,73,-21.21,-159.78,297.15,2.1
134,Cayenne,0,GF,1570170662,100,4.94,-52.33,296.15,1.79
135,Tiznit,0,MA,1570170663,78,29.7,-9.73,293.579,3.82
136,Bama,95,CN,1570170665,78,24.14,107.25,299.799,2.42
137,Husavik,0,CA,1570170666,84,50.56,-96.99,278.15,2.43
138,Mangrol,30,IN,1570170667,83,25.33,76.51,300.15,2.34
139,Mingaora,97,PK,1570170669,54,34.78,72.36,290.359,1.68
140,Tvoroyri,13,FO,1570170670,61,61.56,-6.81,281.15,5.7
141,Tuatapere,100,NZ,1570170671,57,-46.13,167.69,288.15,6.26
142,San Carlos de Bariloche,75,AR,1570170672,93,-41.13,-71.31,275.15,3.72
143,Darhan,0,MN,1570170674,52,49.49,105.92,279.419,3.05
144,Xai-Xai,0,MZ,1570170675,63,-25.04,33.64,297.739,3.89
145,Hamilton,75,CA,1570170525,87,43.26,-79.87,287.59,3.6
146,La Ronge,5,CA,1570170678,75,55.1,-105.3,279.15,3.6
147,Cherskiy,100,RU,1570170679,93,68.75,161.3,268.819,2.89
148,Cascais,20,PT,1570170680,93,38.7,-9.42,292.04,1.0
149,Mar del Plata,0,AR,1570170681,55,-46.43,-67.52,279.789,8.78
150,Verkhoyansk,96,RU,1570170683,41,67.55,133.39,268.999,3.56
151,Corinto,75,CO,1570170684,88,3.17,-76.26,293.15,1.06
152,Aklavik,90,CA,1570170685,100,68.22,-135.01,275.15,0.82
153,Mahebourg,34,MU,1570170687,86,-20.41,57.7,297.59,4.02
154,Saldanha,14,PT,1570170688,94,41.42,-6.55,287.329,0.64
155,Port Elizabeth,90,US,1570170689,88,39.31,-74.98,296.48,3.6
156,Sitka,98,US,1570170691,85,37.17,-99.65,284.82,4.21
157,Ribeira Grande,64,PT,1570170692,81,38.52,-28.7,294.879,10.8
158,Kimberley,0,ZA,1570170693,18,-28.74,24.76,291.15,2.1
159,Chernyshevskiy,99,RU,1570170694,93,63.01,112.47,274.729,2.05
160,Carnarvon,0,ZA,1570170696,21,-30.97,22.13,286.349,0.49
161,Nemuro,75,JP,1570170697,100,43.32,145.57,288.15,2.1
162,Mandiana,50,GN,1570170698,98,10.62,-8.7,293.949,1.86
163,Baghmara,99,IN,1570170700,67,23.8,86.21,302.469,2.57
164,Roald,0,NO,1570170701,58,62.58,6.12,279.15,4.1
165,Saint-Philippe,90,CA,1570170703,100,45.36,-73.48,280.93,5.1
166,Fria,100,GN,1570170704,98,10.36,-13.58,295.169,0.78
167,Bandarbeyla,100,SO,1570170705,59,9.49,50.81,301.179,3.32
168,Broome,75,GB,1570170706,93,52.47,1.45,285.93,5.7
169,Lagoa,0,PT,1570170708,88,37.14,-8.45,292.15,4.1
170,Mount Isa,5,AU,1570170709,14,-20.73,139.49,306.15,6.7
171,Bilyayivka,90,UA,1570170710,87,46.48,30.22,287.15,7.0
172,Plouzane,90,FR,1570170712,93,48.38,-4.62,287.15,3.6
173,Sur,0,OM,1570170713,39,22.57,59.53,308.069,2.24
174,Pitimbu,40,BR,1570170714,88,-7.47,-34.81,297.15,3.6
175,Rio Gallegos,0,AR,1570170716,56,-51.62,-69.22,279.15,8.2
176,Constitucion,79,MX,1570170717,71,23.99,-104.67,290.37,0.85
177,Bambous Virieux,34,MU,1570170718,86,-20.34,57.76,297.59,4.02
178,Dhidhdhoo,39,MV,1570170720,66,6.88,73.1,301.759,1.51
179,Chokurdakh,100,RU,1570170721,95,70.62,147.9,270.549,8.46
180,Tura,100,RU,1570170722,95,64.27,100.22,276.949,2.93
181,Vostok,100,RU,1570170724,97,46.45,135.83,277.489,1.47
182,Iracoubo,78,GF,1570170725,94,5.48,-53.21,297.089,2.3
183,Westport,90,US,1570170726,93,41.14,-73.36,288.71,3.1
184,Okha,50,RU,1570170728,56,53.59,142.95,279.199,7.53
185,San Cristobal,100,HN,1570170729,96,14.68,-86.92,292.729,0.88
186,Namatanai,58,PG,1570170730,78,-3.66,152.44,300.079,4.21
187,Aranos,0,NA,1570170732,13,-24.14,19.11,290.609,2.99
188,Malanje,94,AO,1570170733,90,-9.54,16.35,293.569,1.48
189,Portland,90,US,1570170457,93,43.66,-70.25,282.04,1.07
190,Ugoofaaru,100,MV,1570170735,68,5.67,73.0,301.469,2.3
191,Lata,96,IN,1570170737,72,30.78,78.62,278.779,4.03
192,Trincomalee,33,LK,1570170738,42,8.58,81.23,309.149,0.61
193,Palauig,18,PH,1570170739,70,15.44,119.9,302.199,3.44
194,Verkhnevilyuysk,100,RU,1570170741,90,63.45,120.31,274.749,1.75
195,Sioux Lookout,20,CA,1570170742,96,50.1,-91.92,277.15,1.0
196,Baherden,0,TM,1570170743,21,38.44,57.43,289.269,4.88
197,Balkanabat,0,TM,1570170745,16,39.51,54.36,295.519,3.87
198,Provideniya,90,RU,1570170746,69,64.42,-173.23,275.15,7.0
199,Saint Anthony,1,US,1570170747,75,43.97,-111.68,279.15,1.5
200,Sparks,1,US,1570170749,29,39.53,-119.75,284.82,3.6
201,Skibbereen,40,IE,1570170750,76,51.55,-9.27,285.15,6.2
202,Klaksvik,87,FO,1570170751,61,62.23,-6.59,281.15,5.7
203,Port Hardy,90,CA,1570170752,100,50.7,-127.42,282.15,1.0
204,Atherton,75,AU,1570170754,61,-17.27,145.48,299.15,10.8
205,Mutsu,75,JP,1570170755,83,41.29,141.2,297.15,1.0
206,Barbosa,55,CO,1570170756,92,5.93,-73.61,290.099,1.64
207,Laguna,75,BZ,1570170758,94,16.17,-88.94,299.15,0.6
208,Ronda,0,ES,1570170759,59,36.74,-5.17,293.71,4.1
209,Yulara,0,AU,1570170760,5,-25.24,130.99,311.15,5.1
210,Brakel,40,DE,1570170761,93,51.72,9.18,283.15,3.1
211,Balaipungut,34,ID,1570170763,72,1.11,101.31,302.659,1.26
212,Montego Bay,20,JM,1570170548,88,18.47,-77.92,300.15,1.0
213,Ahipara,0,NZ,1570170765,82,-35.17,173.16,287.04,5.03
214,Newport,93,GB,1570170607,81,51.59,-3.0,287.15,7.7
215,Rusera,3,IN,1570170768,64,25.75,86.02,303.549,2.54
216,Souillac,75,FR,1570170769,93,45.6,-0.6,289.26,3.1
217,Vanavara,100,RU,1570170770,91,60.35,102.28,277.409,4.95
218,Katsuura,40,JP,1570170772,51,33.93,134.5,302.59,7.2
219,Pandan,13,PH,1570170773,74,11.72,122.09,301.649,5.0
220,Nouadhibou,5,MR,1570170774,77,20.93,-17.03,294.15,8.2
221,Sacramento,1,US,1570170676,62,38.58,-121.49,288.71,4.1
222,Port Moresby,40,PG,1570170777,78,-9.47,147.16,300.15,10.3
223,Barinitas,94,VE,1570170778,89,8.76,-70.41,283.559,0.86
224,Taoudenni,1,ML,1570170779,13,22.68,-3.98,302.389,4.37
225,Seddon,75,AU,1570170781,81,-37.81,144.89,285.93,5.1
226,Saint-Augustin,90,CA,1570170782,93,45.63,-73.98,279.82,3.6
227,Nalut,3,LY,1570170783,64,31.86,10.98,290.429,1.71
228,Barela,40,IN,1570170784,58,23.1,80.05,303.15,3.6
229,Geraldton,75,CA,1570170499,86,49.72,-86.95,274.15,1.5
230,Tiarei,20,PF,1570170787,69,-17.53,-149.33,300.15,1.5
231,Namibe,24,AO,1570170788,75,-15.19,12.15,292.119,0.29
232,Mehamn,75,NO,1570170789,80,71.03,27.85,275.15,3.1
233,Doka,96,SD,1570170791,87,13.52,35.76,297.429,4.04
234,Nagato,20,JP,1570170792,51,34.35,131.14,301.15,4.1
235,Tocopilla,49,CL,1570170793,84,-22.09,-70.2,287.389,4.68
236,Harbin,0,CN,1570170795,32,45.77,126.62,284.15,7.0
237,Manta,100,RO,1570170796,85,45.1,24.1,284.349,0.93
238,Lebu,10,ET,1570170797,81,8.96,38.73,288.659,2.0
239,Byron Bay,0,AU,1570170799,64,-28.65,153.62,299.15,6.2
240,Esperance,40,AU,1570170800,72,-33.86,121.89,292.15,5.7
241,Flinders,90,AU,1570170801,77,-34.58,150.85,293.71,5.1
242,Praia da Vitoria,20,PT,1570170802,77,38.73,-27.07,294.15,9.1
243,Alekseyevka,40,RU,1570170804,81,53.25,50.49,285.15,5.0
244,Aleksandrov Gay,47,RU,1570170805,52,50.14,48.57,290.739,5.64
245,Auki,99,NG,1570170806,75,12.18,6.51,297.229,2.52
246,Batagay-Alyta,100,RU,1570170807,71,67.8,130.41,261.709,1.88
247,Beloha,0,MG,1570170809,52,-25.17,45.06,300.869,3.7
248,Lamar,1,US,1570170810,71,38.09,-102.62,284.15,5.1
249,Dunedin,54,NZ,1570170765,79,-45.87,170.5,285.37,1.79
250,Mathbaria,3,BD,1570170632,59,22.29,89.96,305.539,2.11
251,Hobyo,40,SO,1570170814,60,5.35,48.53,302.599,3.12
252,Fort Nelson,90,CA,1570170815,81,58.81,-122.69,285.15,1.5
253,Omaha,20,US,1570170560,81,41.26,-95.94,282.15,4.6
254,Jishu,100,CN,1570170817,50,44.29,126.79,282.459,4.26
255,Salamiyah,0,SY,1570170819,64,35.01,37.05,294.269,2.59
256,Price,1,US,1570170820,24,39.6,-110.81,284.82,3.6
257,Sao Filipe,84,CV,1570170821,83,14.9,-24.5,298.989,0.82
258,Pocone,93,BR,1570170823,88,-16.26,-56.62,297.259,0.9
259,Kaitangata,100,NZ,1570170824,40,-46.28,169.85,289.26,4.92
260,Redcliffe,75,AU,1570170825,87,-31.94,115.94,289.26,10.8
261,Kingston,75,JM,1570170605,78,17.97,-76.79,301.15,5.1
262,Taquari,100,BR,1570170828,96,-29.79,-51.87,292.04,0.45
263,Liepaja,17,LV,1570170829,100,56.52,21.02,281.15,1.0
264,Chapais,90,CA,1570170831,74,49.78,-74.86,274.15,2.1
265,San Matias,45,BO,1570170832,71,-16.36,-58.4,298.949,2.52
266,Bilibino,86,RU,1570170833,96,68.06,166.44,259.149,1.23
267,Tasiilaq,100,GL,1570170835,75,65.61,-37.64,279.15,8.2
268,Luanda,75,AO,1570170562,83,-8.83,13.24,296.15,2.6
269,Luderitz,0,NA,1570170837,71,-26.65,15.16,286.599,11.11
270,Puerto Madryn,94,AR,1570170838,47,-42.77,-65.04,283.999,7.15
271,Rio Bravo,100,GT,1570170840,99,14.4,-91.32,285.37,1.22
272,Hualmay,97,PE,1570170841,91,-11.1,-77.61,289.399,6.74
273,Bayaguana,40,DO,1570170842,94,18.75,-69.64,300.37,2.1
274,Jasper,1,US,1570170844,100,33.83,-87.28,300.37,1.63
275,Tautira,20,PF,1570170845,69,-17.73,-149.15,300.15,1.5
276,Jinka,81,ET,1570170846,65,5.79,36.57,296.119,0.38
277,Almaty,75,KZ,1570170635,44,43.24,76.95,289.15,1.0
278,Los Llanos de Aridane,40,ES,1570170805,83,28.66,-17.92,296.48,5.7
279,Bocholt,75,DE,1570170850,81,51.84,6.61,283.15,3.6
280,Acajutla,100,SV,1570170851,76,13.59,-89.83,300.449,1.38
281,Codrington,0,AU,1570170853,47,-28.95,153.24,303.15,7.2
282,Bethel,90,US,1570170854,93,60.79,-161.76,281.15,9.3
283,Sao Joao da Barra,16,BR,1570170855,95,-21.64,-41.05,292.289,0.42
284,Henderson,40,US,1570170744,33,36.04,-114.98,296.15,3.36
285,Homer,1,US,1570170858,93,59.64,-151.54,278.15,1.61
286,Miragoane,86,HT,1570170859,82,18.44,-73.09,298.759,2.44
287,Nabire,82,ID,1570170860,86,-3.36,135.5,299.199,1.28
288,Axim,100,GH,1570170862,91,4.87,-2.24,297.869,3.6
289,Zacualpan,90,MX,1570170863,94,21.25,-105.17,298.15,3.39
290,Muravlenko,37,RU,1570170864,66,63.79,74.5,277.189,9.93
291,ChengDe,100,CN,1570170865,57,40.97,117.93,284.239,4.67
292,Poum,75,MK,1570170867,93,41.28,20.71,283.15,1.5
293,Sabha,72,LY,1570170868,71,27.03,14.43,294.329,6.21
294,Tigil,76,RU,1570170869,63,57.8,158.67,276.939,1.37
295,Shakawe,19,BW,1570170871,43,-18.36,21.84,297.439,5.64
296,Pontianak,75,ID,1570170872,62,-0.02,109.34,304.15,1.5
297,Khorixas,12,NA,1570170873,25,-20.37,14.96,294.049,1.0
298,Gondar,75,PT,1570170875,100,41.82,-8.78,291.15,2.1
299,Bundaberg,0,AU,1570170876,49,-24.87,152.35,297.04,5.1
300,Huarmey,77,PE,1570170877,92,-10.07,-78.15,289.389,8.01
301,Llangefni,75,GB,1570170879,76,53.26,-4.31,287.15,11.3
302,Fortuna,40,US,1570170880,100,40.6,-124.16,283.15,2.14
303,Brownsville,1,US,1570170620,83,25.91,-97.49,302.04,2.47
304,Smidovich,53,RU,1570170883,43,48.6,133.81,283.719,4.63
305,Ixtapa,90,MX,1570170884,94,20.71,-105.21,298.15,4.73
306,Moose Factory,40,CA,1570170885,80,51.26,-80.61,275.15,2.6
307,Giddalur,62,IN,1570170887,60,15.38,78.93,304.379,0.76
308,Quesnel,90,CA,1570170773,93,52.98,-122.49,280.15,1.5
309,Port Lincoln,100,AU,1570170824,82,-34.72,135.86,288.639,6.9
310,Okato,1,NZ,1570170890,76,-39.19,173.88,282.04,2.68
311,Perth,75,AU,1570170772,87,-31.95,115.86,289.26,10.8
312,Naze,100,NG,1570170791,96,5.43,7.07,295.429,1.11
313,San Juan del Sur,92,NI,1570170894,89,11.25,-85.87,297.719,1.06
314,Malartic,20,CA,1570170896,100,48.14,-78.13,274.15,2.1
315,Mehran,0,IR,1570170897,16,33.12,46.17,299.15,3.1
316,Carora,98,VE,1570170898,93,10.17,-70.08,293.269,0.18
317,El Alto,90,BO,1570170899,93,-16.5,-68.19,276.15,2.6
318,Ishigaki,20,JP,1570170901,79,24.34,124.16,302.15,4.6
319,Kiama,90,AU,1570170902,77,-34.67,150.86,291.48,5.1
320,Channel-Port aux Basques,50,CA,1570170904,65,47.57,-59.14,281.059,7.95
321,Turukhansk,100,RU,1570170905,96,65.8,87.96,280.229,5.69
322,Norman Wells,75,CA,1570170907,93,65.28,-126.83,277.15,1.5
323,Oktyabrskoye,0,RU,1570170908,43,56.73,85.44,285.37,7.0
324,Panjab,0,AF,1570170909,19,34.38,67.02,284.139,7.74
325,Teya,40,MX,1570170911,94,21.05,-89.07,299.82,0.91
326,Albano Laziale,0,IT,1570170912,66,41.73,12.66,289.26,4.1
327,Henties Bay,0,NA,1570170913,89,-22.12,14.28,287.139,4.5
328,Nicoya,0,CR,1570170717,94,10.15,-85.45,297.15,1.5
329,Kijang,20,KR,1570170916,54,35.24,129.21,300.15,4.1
330,Half Moon Bay,1,US,1570170918,82,37.46,-122.43,287.04,7.2
331,Shirokiy,69,RU,1570170919,76,53.87,39.17,287.649,6.91
332,Palaikastron,0,GR,1570170921,67,35.2,26.25,300.93,1.79
333,Nome,1,US,1570170922,88,30.04,-94.42,299.15,3.1
334,Ostrovnoy,99,RU,1570170923,81,68.05,39.51,274.719,5.6
335,Guhagar,53,IN,1570170925,78,17.48,73.19,301.099,4.1
336,Vylkove,100,UA,1570170926,83,45.4,29.58,288.839,5.05
337,Matiri,62,UG,1570170927,73,0.58,30.76,293.589,1.53
338,Touros,40,BR,1570170929,83,-5.2,-35.46,297.15,3.6
339,Port-Gentil,75,GA,1570170930,88,-0.72,8.78,299.15,3.6
340,Houston,1,US,1570170932,73,29.76,-95.37,299.26,3.1
341,Itigi,2,TZ,1570170933,41,-5.7,34.5,295.959,5.54
342,Havoysund,40,NO,1570170935,72,71.0,24.66,275.15,5.1
343,Brigantine,90,US,1570170936,88,39.41,-74.36,295.15,4.1
344,Shingu,20,JP,1570170937,57,33.72,135.99,300.15,7.7
345,Bud,0,NO,1570170938,74,62.91,6.91,279.15,3.6
346,Ballina,75,IE,1570170940,100,54.11,-9.15,286.48,16.5
347,Bartica,0,GY,1570170941,100,6.41,-58.62,297.15,1.0
348,Voyvozh,97,RU,1570170942,78,62.89,54.96,275.679,0.76
349,Kloulklubed,75,PW,1570170944,74,7.04,134.26,302.15,3.1
350,Khovu-Aksy,0,RU,1570170945,29,51.13,93.72,280.669,2.97
351,Kinston,75,US,1570170946,100,35.26,-77.58,298.15,2.6
352,Manzanillo,59,MX,1570170948,75,19.05,-104.32,300.929,1.36
353,Chipinge,0,ZW,1570170949,51,-20.19,32.62,298.539,0.56
354,Rincon,100,PA,1570170950,93,8.46,-82.28,295.979,0.77
355,Lulea,0,SE,1570170952,74,65.58,22.15,275.15,2.6
356,Praia,0,BR,1570170953,49,-20.25,-43.81,293.15,4.6
357,Chicama,90,PE,1570170809,87,-7.84,-79.15,289.15,4.6
358,Vire,0,FR,1570170956,82,48.84,-0.89,288.15,5.7
359,Whitehorse,5,CA,1570170957,74,60.72,-135.06,274.15,1.71
360,Boa Vista,0,BR,1570170959,78,2.82,-60.67,299.15,2.1
361,Maniitsoq,56,GL,1570170960,57,65.42,-52.9,277.449,5.26
362,Deputatskiy,100,RU,1570170962,83,69.3,139.9,265.149,11.36
363,Praxedis Guerrero,90,MX,1570170963,88,31.37,-106.02,294.15,3.6
364,Sakaiminato,75,JP,1570170964,69,35.55,133.23,296.15,4.6
365,Nyurba,97,RU,1570170966,90,63.29,118.35,274.189,1.75
366,Roebourne,0,AU,1570170967,12,-20.77,117.15,312.279,6.91
367,Hovd,20,NO,1570170968,69,63.83,10.7,276.15,7.2
368,Fez,0,MA,1570170680,57,34.03,-5.02,284.15,3.6
369,Sault Sainte Marie,40,CA,1570170971,81,46.49,-84.36,279.15,3.6
370,Nuuk,80,GL,1570170972,64,64.17,-51.74,277.15,1.5
371,Tilichiki,0,RU,1570170973,77,60.47,166.1,269.069,1.32
372,Mochudi,0,BW,1570170975,56,-24.38,26.15,293.15,3.6
373,Haines Junction,71,CA,1570170976,69,60.75,-137.51,273.009,0.89
374,Yolombo,40,CO,1570170977,100,6.3,-75.61,283.15,1.0
375,Krutinka,100,RU,1570170979,75,56.01,71.51,285.039,5.79
376,Hami,14,CN,1570170980,22,42.84,93.51,294.169,5.32
377,Te Anau,90,NZ,1570170981,84,-45.41,167.72,281.479,4.31
378,Nizwa,0,OM,1570170983,38,22.93,57.53,302.239,3.08
379,Liverpool,75,GB,1570170770,87,53.41,-2.98,285.37,3.1
380,Mayor Pablo Lagerenza,9,PY,1570170985,48,-19.93,-60.77,292.239,1.46
381,Buenos Aires,90,AR,1570170830,82,-34.61,-58.44,287.15,10.3
382,Vanimo,83,PG,1570170988,66,-2.67,141.3,301.879,2.71
383,Nanortalik,88,GL,1570170989,73,60.14,-45.24,277.389,1.92
384,Marsa Matruh,0,EG,1570170990,58,31.35,27.25,299.089,6.06
385,Drayton Valley,66,CA,1570170893,95,53.22,-114.98,277.179,0.93
386,Harlingen,90,NL,1570170993,87,53.18,5.41,283.15,5.1
387,Mastic Beach,90,US,1570170994,93,40.77,-72.85,289.26,1.5
388,Isangel,75,VU,1570170996,65,-19.55,169.27,298.15,9.36
389,Saint-Pierre,90,FR,1570170997,100,48.95,4.24,284.82,5.1
390,Torrevieja,0,ES,1570170800,82,37.98,-0.68,292.59,1.5
391,Pacific Grove,1,US,1570170999,67,36.62,-121.92,287.15,2.1
392,Todos Santos,29,MX,1570171001,83,23.45,-110.23,300.37,4.16
393,Coruripe,32,BR,1570171002,95,-10.12,-36.18,293.699,2.88
394,Wollongong,75,AU,1570171003,72,-34.42,150.89,294.82,9.8
395,Acari,15,BR,1570171005,76,-6.44,-36.64,295.879,4.05
396,Dingle,25,PH,1570171006,60,11.0,122.67,303.949,1.6
397,Rocha,96,UY,1570171007,91,-34.48,-54.34,284.419,4.46
398,Manicore,98,BR,1570171009,97,-5.81,-61.3,295.529,1.23
399,Minador do Negrao,17,BR,1570171010,94,-9.31,-36.86,293.299,3.52
400,Petropavlovsk-Kamchatskiy,100,RU,1570171011,42,53.05,158.65,281.15,6.0
401,Inuvik,90,CA,1570171013,100,68.36,-133.71,275.15,1.88
402,Kudahuvadhoo,100,MV,1570171014,66,2.67,72.89,301.479,1.62
403,Severo-Kurilsk,100,RU,1570171015,75,50.68,156.12,278.959,6.03
404,Ozernovskiy,100,RU,1570171017,73,51.5,156.52,278.079,4.39
405,Vladivostok,75,RU,1570171018,81,43.12,131.89,282.15,5.0
406,Itaituba,84,BR,1570171020,95,-4.26,-55.99,295.609,0.79
407,Wuwei,67,CN,1570171021,60,37.93,102.64,288.15,4.53
408,Santa Eulalia,99,GT,1570171022,92,15.73,-91.46,287.929,1.39
409,Nantucket,90,US,1570171023,93,41.28,-70.1,287.04,6.7
410,Concepcion del Oro,66,MX,1570171025,73,24.63,-101.42,288.839,2.74
411,Snezhnogorsk,75,RU,1570171026,86,69.19,33.23,274.15,3.0
412,Champerico,100,MX,1570171027,96,16.38,-93.6,292.519,1.26
413,Vao,100,EE,1570171029,86,59.1,26.19,276.959,4.93
414,Longjiang,0,CN,1570171030,26,47.33,123.18,284.219,2.31
415,Tateyama,75,JP,1570171031,88,36.66,137.31,294.26,4.1
416,Alta Floresta,32,BR,1570171033,86,-9.87,-56.08,294.909,0.13
417,Hope,40,US,1570170823,94,33.67,-93.59,297.04,1.5
418,Camacha,40,PT,1570171036,83,33.08,-16.33,294.15,2.6
419,Gimli,0,CA,1570171037,85,50.63,-96.99,277.04,2.68
420,Altus,90,US,1570171038,87,34.64,-99.33,288.15,4.6
421,Waingapu,0,ID,1570171039,31,-9.65,120.26,304.359,8.16
422,Valvedditturai,0,LK,1570171041,71,9.82,80.17,302.099,3.61
423,Kamaishi,75,JP,1570171042,94,39.28,141.86,293.15,1.0
424,Kendari,26,ID,1570171044,50,-3.99,122.52,304.459,3.72
425,Nara,75,JP,1570171045,54,34.68,135.8,302.15,7.7
426,Rio Grande,100,BR,1570171046,96,-32.03,-52.1,287.889,4.54
427,Kedougou,100,SN,1570171047,96,12.56,-12.19,295.419,1.06
428,Florianopolis,75,BR,1570171049,93,-27.6,-48.55,292.59,1.0
429,Moussoro,96,TD,1570171050,57,13.64,16.49,302.239,5.4
430,Urusha,35,RU,1570171051,33,54.05,122.9,280.759,3.73
431,Carlsbad,75,CZ,1570171053,93,50.23,12.87,281.48,0.5
432,Harper,1,US,1570171054,68,30.3,-99.24,297.15,3.89
433,Mackay,90,CA,1570171055,81,53.65,-115.58,280.15,2.6
434,Yar-Sale,65,RU,1570171057,94,66.83,70.83,274.459,8.97
435,Vila Velha,40,BR,1570171058,78,-3.71,-38.6,299.15,6.7
436,Tubuala,40,PA,1570171059,100,9.52,-79.03,299.26,1.5
437,Shimoda,75,JP,1570171061,74,34.7,138.93,302.15,10.3
438,Mae Sai,40,MM,1570171062,63,20.44,99.89,306.15,1.0
439,Abu Kamal,0,SY,1570171063,42,34.45,40.92,297.009,5.91
440,Valparaiso,90,US,1570171065,76,41.47,-87.06,287.59,2.1
441,Kruisfontein,60,ZA,1570171066,66,-34.0,24.73,288.579,1.93
442,Erenhot,0,CN,1570171067,27,43.65,111.97,280.739,4.46
443,Ancud,90,CL,1570171069,86,-41.87,-73.83,278.15,1.53
444,Batagay,96,RU,1570171070,45,67.65,134.64,270.229,2.88
445,Derzhavinsk,14,KZ,1570171071,24,51.1,66.31,287.269,2.35
446,Atar,27,MR,1570171048,20,20.52,-13.05,300.849,2.62
447,San Juan,19,AR,1570170901,43,-31.54,-68.53,276.649,1.35
448,Semnan,20,IR,1570171075,29,35.58,53.39,295.15,2.1
449,Iberia,55,PE,1570171076,99,-11.41,-69.49,294.059,1.46
450,Konongo,92,GH,1570171078,99,6.62,-1.21,294.239,1.11
451,Saint Albans,90,US,1570171079,93,44.81,-73.08,282.59,4.1
452,San Andres,19,PH,1570171080,71,13.32,122.68,302.749,1.46
453,Ambovombe,0,MG,1570171081,86,-25.18,46.09,296.079,11.42
454,Port Said,0,EG,1570171083,18,25.34,30.55,303.159,3.98
455,Vestmannaeyjar,100,IS,1570171084,76,63.44,-20.27,281.789,18.01
456,Moosomin,0,CA,1570171085,84,50.14,-101.67,276.309,4.33
457,Mitzic,100,GA,1570171087,98,0.78,11.55,293.569,0.57
458,Kieta,98,PG,1570171088,80,-6.22,155.63,300.659,6.43
459,Schmalkalden,0,DE,1570171089,87,50.72,10.45,281.48,4.1
460,Ossora,89,RU,1570171091,88,59.24,163.07,273.339,1.2
461,Mildura,97,AU,1570171092,19,-34.18,142.16,303.15,4.6
462,Salalah,40,OM,1570171093,62,17.01,54.1,303.15,5.7
463,Srikakulam,91,IN,1570171095,60,18.29,83.89,304.659,1.42
464,Nipawin,1,CA,1570171096,92,53.36,-104.02,272.15,2.1
465,Baghdad,0,IQ,1570171097,34,33.3,44.38,301.15,5.7
466,Caravelas,0,BR,1570171099,84,-17.73,-39.27,295.359,3.04
467,Mount Darwin,2,ZW,1570171100,66,-16.77,31.58,293.669,2.81
468,Neya,96,RU,1570171101,90,58.29,43.89,284.209,4.82
469,Linxia,84,CN,1570171102,59,35.6,103.21,286.229,2.93
470,Lohardaga,40,IN,1570171104,62,23.43,84.68,302.15,1.5
471,Tecoanapa,40,MX,1570171105,88,16.99,-99.26,299.15,1.5
472,Goderich,62,CA,1570171107,92,43.74,-81.71,286.48,4.02
473,Gaoual,100,GN,1570171108,96,11.75,-13.2,295.629,1.02
474,Fereydunshahr,0,IR,1570171109,29,32.94,50.12,291.289,9.62
475,Nikolskoye,90,RU,1570171110,86,59.7,30.79,276.48,4.0
476,Comodoro Rivadavia,0,AR,1570171094,66,-45.87,-67.48,284.15,6.7
477,Kindu,100,CD,1570171113,92,-2.95,25.92,296.049,0.85
478,Betare Oya,100,CM,1570171114,98,5.6,14.08,293.229,0.43
479,Gavle,55,SE,1570171115,82,60.67,17.14,275.37,2.24
480,Ondjiva,38,AO,1570171117,13,-17.07,15.73,293.389,0.55
481,Bathsheba,40,BB,1570171118,78,13.22,-59.52,301.15,2.6
482,Astana,0,KZ,1570171119,33,51.13,71.43,287.15,2.0
483,Durban,0,CA,1570171121,86,51.93,-101.44,275.869,3.2
484,Ambilobe,24,MG,1570171122,42,-13.19,49.05,304.529,5.25
485,Altay,0,CN,1570171123,23,47.83,88.13,281.909,4.07
486,Jaguaruna,100,BR,1570171124,98,-28.62,-49.03,288.709,1.04
487,Kasempa,9,ZM,1570171126,61,-13.46,25.83,295.039,4.66
488,Tianpeng,91,CN,1570171127,31,28.88,112.34,307.899,1.95
489,Las Tunas,5,CU,1570171128,94,20.96,-76.96,297.15,2.1
490,Khani,0,GE,1570171130,73,41.96,42.96,295.15,0.5
491,Eyl,63,SO,1570171131,56,7.98,49.82,301.809,3.22
492,Paso de Patria,90,AR,1570171132,94,-27.25,-58.55,293.15,2.1
493,Yumen,88,CN,1570171133,38,40.29,97.04,287.579,12.28
494,Saint-Francois,90,FR,1570170930,81,46.42,3.91,282.59,4.6
495,Urucui,8,BR,1570171136,48,-7.23,-44.56,299.239,1.3
496,Talnakh,75,RU,1570171137,100,69.49,88.39,278.15,8.0
497,Guanare,91,VE,1570171139,85,9.04,-69.74,293.839,1.18
498,Dhekiajuli,58,IN,1570171140,82,26.71,92.48,294.649,2.53
499,Tarko-Sale,75,RU,1570171141,78,64.92,77.78,277.59,9.82
